Host	Library_ID	Sanguinis	Mitis	Salivarius	Anginosus	Bovis	Pyogenic	Mutans	Downei	Other	Unknown	Genus_other	Streptococcus	Sanguinis_tot	Anginosus_tot
Howler monkey	OME007.A0101	7.84590299897294	10.61241355119	0.534633775120876	2.81645132186975	2.43134258922082	4.58905137805311	3.11297464168241	2.33279874910263	10.5577165177609	55.1667144770265	0.661672360484668	0.338327639515332	0.0266749404056194	0.00963963183636277
Howler monkey	OME005.A0101	7.78853370797329	11.2348684590366	0.606705028771579	2.88774273012452	2.37557976174439	4.61331575604781	3.16968495602471	2.36018359923789	10.6228709994034	54.3405150016359	0.746380501378114	0.253619498621886	0.0198810858946121	0.00743420296141967
Howler monkey	OME009.A0101	7.68949693172415	10.8303152102656	0.565830906296682	2.88718847059076	2.58895850573354	4.64432718245226	3.18273167900783	2.3562853980161	10.5992541564122	54.6556115595009	0.857981715059809	0.142018284940191	0.0110370306764221	0.00420654548039245
Howler monkey	OME003.A0101	7.67095809159843	11.3729965904932	0.587657181724121	2.81867937089843	4.04039530681238	4.61479489640345	3.11236385749818	2.37080332362071	10.4291136723242	52.982237708627	0.849287871046472	0.150712128953528	0.0116800836136335	0.0043550803179041
Howler monkey	OME002.A0101	7.66844694363694	10.5842304312035	0.551183294294497	3.13212094218143	2.39124469595441	4.49536504957071	3.16473063203146	2.45487335907643	10.3989119498606	55.15889270219	0.916399619983131	0.0836003800168689	0.00652238960320936	0.00272317795544661
Gorilla	Gb2-reg	74.6219383827751	7.67215062257682	0.21234082014874	0.88674011382761	0.59237229750343	1.48274907618611	1.0534205863516	0.438622188908576	2.04461379629424	10.9950521154277	0.867732515715271	0.132267484284729	0.0989766788178424	0.00127496167119224
Gorilla	Gb2-wash	59.820931527185	11.1365745036185	0.372518092410466	1.20244943403229	0.867971794395992	2.78298385600297	1.3318797550566	0.741324921135647	3.46028947856745	18.2830766375951	0.892746330985144	0.107253669014856	0.0645824799676763	0.001396150353441
Gorilla	Gb2-uv	49.3558585890844	16.9536614185801	0.367898316992942	1.20429214703158	0.799987225752882	5.27672212818957	1.44732219844793	0.812442116692747	3.48066298342541	20.3011528758024	0.900108452130766	0.0998915478692336	0.0499387113938477	0.00131607384544737
Gorilla	FDM001.A0101	16.0901926444834	8.53327495621716	0.332749562171629	2.59632224168126	1.42294220665499	3.71278458844133	12.907180385289	2.52189141856392	8.93607705779334	42.946584938704	0.968334133887891	0.0316658661121091	0.00520158753074834	0.000923194940335719
Gorilla	MTK001.A0101	15.3428420496566	8.14580031695721	0.435287902799789	2.13840464870576	2.02641310089805	4.34653988378236	6.47226624405705	2.57791864764923	12.1204437400951	46.3940834653988	0.96015133730901	0.0398486626909898	0.00623920203056158	0.000955649697690169
Gorilla	ERS9656265	13.7397634212921	8.35824775770181	0.74093331600156	2.36578707916288	2.96373326400624	4.7965683088522	14.363707266346	2.01481866632003	6.7203951644352	43.936045755882	0.986784361523243	0.0132156384767574	0.00192469151147294	0.000414185293366202
Gorilla	ERS9656263	13.5979057231728	8.97342628500725	0.697137554347515	5.75525144497081	2.15213294304323	17.9462797371843	6.35099758837378	2.55368875701004	11.3495368646568	30.6236431022335	0.979751650763218	0.0202483492367817	0.0029163716879781	0.00129201644406083
Gorilla	Gb1-wash	12.5108165172545	24.0550690526462	0.692257104288533	2.45664739884393	5.05174621854557	7.99124294763075	8.81416358035374	2.71451317019141	11.1046692741684	24.608874736077	0.993002323626337	0.00699767637366291	0.000988521904664513	0.000274471827869868
Gorilla	ERS9656270	11.9585583599691	11.7711892428083	1.21238840515816	1.82409346412433	1.21789926154524	3.3781549652816	3.1907858481208	1.78551746941475	7.34597156398104	56.3154414195966	0.997729706226391	0.00227029377360843	0.000371913025924589	0.000141476134369142
Gorilla	MTM011.A0101	10.3284620083643	9.73168554109299	0.888116159954889	4.00357126074903	2.41999906019454	31.6432498472816	3.43968798458719	2.82411540811052	14.6280719890983	20.0930407405667	0.964035971184412	0.0359640288155878	0.00402373879824342	0.00162093969795423
Gorilla	EBO001.A0101	9.81697171381032	5.35305740432612	0.153390183028286	1.15432612312812	0.683756239600666	1.5521006655574	1.65089434276206	0.899542429284526	4.61470465890183	74.1212562396007	0.975724791263022	0.0242752087369778	0.00248532921459751	0.000380478329258817
Gorilla	ERS9656254	8.66853757405675	23.6357966947303	0.841908325537886	2.27627065793577	1.87090739008419	4.92672279388837	6.73526660430309	1.46554412223262	10.9448082319925	38.6342376052385	0.990189670462531	0.0098103295374692	0.00095304595708381	0.000324001276500425
Gorilla	ERS9656261	6.51753864447087	5.32585507449115	0.528082814576485	1.67211652794293	2.02009162761419	3.08237742183675	55.8041022592152	2.00347975099671	8.53107295236763	14.5152829264881	0.905931692910628	0.0940683070893717	0.00624161596713047	0.00167567114322047
Gorilla	ERS9656266	5.76923076923077	3.84615384615385	0	1.92307692307692	44.2307692307692	13.4615384615385	3.84615384615385	3.84615384615385	7.69230769230769	15.3846153846154	0.980654761904762	0.0193452380952381	0.00121607142857143	0.00047202380952381
Gorilla	ERS9656260	5.25969540475642	5.62481497319167	0.536166573467978	2.05585342587415	0.999967106345186	3.49330614124535	66.8530640439459	0.976941547975396	4.31235814611361	9.88783263708431	0.993482964789102	0.00651703521089757	0.000444329036434276	0.000234587647136599
Gorilla	ERS9656259	5.19006208727754	5.88792703511041	0.784727911636676	1.13612808338845	1.21706857238745	5.79514159650179	60.857376935909	1.29406074484991	3.58605849430949	14.2514485386293	0.942561706569882	0.057438293430118	0.00313904637059951	0.000765261006572848
Gorilla	ERS9656249	4.63277534128112	8.82080424979925	0.87096176416085	1.35894743344246	4.01507196244364	7.88189511396627	48.3414664278214	2.24844029896844	6.68972759280993	15.1399098153067	0.981272948805807	0.018727051194193	0.000984305696225665	0.000359396337559529
Gorilla	GDC005.A0101	3.91096979332274	13.1637519872814	1.87599364069952	13.6724960254372	3.17965023847377	23.9427662957075	28.489666136725	1.20826709062003	4.6422893481717	5.91414944356121	0.997751293360879	0.00224870663912119	0.000196891210076686	0.000438725368560772
Gorilla	Gb1-reg	3.78682842287695	6.8370883882149	1.71865973425765	2.78740612362796	23.2264586943963	17.053726169844	17.0768341998845	3.81282495667244	16.6146735990757	7.08549971114963	0.991752725681285	0.00824727431871521	0.000422968452067146	0.000337730401407167
Gorilla	ERS9656262	3.56373723977661	4.6210563457397	0.74340848532042	2.44193261872027	2.83006241711178	3.91597415712565	52.1328888294054	1.8573045054691	6.12551557994379	21.7681198213873	0.974634002907248	0.0253659970927517	0.00100743708043815	0.000721791130228529
Gorilla	MTM010.A0101	2.58521559626672	9.12122065771062	0.840957056234674	1.43022734934585	4.54283062173558	31.6358715981879	27.838865054332	3.21189254591552	13.6234119488868	5.16950757138437	0.885053475252094	0.114946524747906	0.00345171848917607	0.00195428227241484
Gorilla	MTS002.A0101	2.27561490147193	4.62734333796807	0.285875245720861	0.554370235412571	0.727573476530661	79.6495181473846	0.977489571846382	0.924749484585511	5.38608141151652	4.59138418756293	0.886986925010016	0.113013074989984	0.00342773598266808	0.000910681007102442
Gorilla	EBO003.A0101	1.96182396606575	8.32449628844115	0.424178154825027	16.0127253446448	3.07529162248144	8.4305408271474	47.1898197242842	0.795334040296925	7.68822905620361	6.09756097560976	0.999032703894411	0.000967296105588495	0.000119087868163706	0.000255798275282139
Gorilla	DJA002.A0101	1.62429378531073	7.69774011299435	0.141242937853107	6.14406779661017	1.8361581920904	5.72033898305085	69.1384180790961	0.564971751412429	3.60169491525424	3.53107344632768	0.99881009083366	0.00118990916633988	0.000119354925576104	0.00017321210978787
Gorilla	MTS001.A0101	1.11827496722759	1.95363706894245	0.313678803606303	0.34511356644105	0.782524947162846	87.9424275662805	0.677519462799968	0.609299339201156	3.52269991171513	2.73482436662297	0.8932588642821	0.1067411357179	0.001487276714411	0.00052813085205507
Gorilla	ABM006.A0101	0.168597378582694	0.375265132974384	0.0652635013868494	3.34475444607603	0.652635013868494	0.326317506934247	92.967857725567	0.603687387828357	0.581932887366074	0.913689019415892	0.984588263105216	0.0154117368947844	0.000125986567459453	0.000615539967340753
Chimpanzee	25C	21.4694587348743	7.3255561191218	0.072458517498732	5.4343888124049	1.37671183247591	7.6226360408666	1.83320049271792	0.499963770741251	4.91268748641403	49.4529381928846	0.993273907814693	0.00672609218530696	0.00154499156559935	0.00046575891805586
Chimpanzee	DJA007.A0101	16.8358602504944	12.8411338167436	1.56888595912986	22.1357943309163	2.1753460777851	14.5682267633487	1.62162162162162	1.34475939353988	9.21555702043507	17.6928147659855	0.995992269405909	0.00400773059409086	0.000776156508257899	0.00098901078885279
Chimpanzee	EBO009.A0101	9.93249758919961	19.672131147541	1.25361620057859	12.7290260366442	0.964320154291225	35.1976856316297	0.77145612343298	0.192864030858245	3.47155255544841	15.8148505303761	0.997471579394337	0.00252842060566289	0.000383905324465197	0.000463839833295204
Chimpanzee	22C	9.63915684172919	5.97356198642372	0.171489817792069	14.0407288317256	1.45766345123258	6.28081457663451	4.81600571632726	0.521614862450875	4.35869953554841	52.7402643801358	0.99237530359253	0.00762469640747023	0.000835269269886881	0.00117101861773738
Chimpanzee	13C	8.21102376516563	6.80238106057164	0.163584314081883	23.0563002680965	2.83773344844822	6.27982005725451	9.8627709365202	0.488480937883401	4.70759303857864	37.5903121733994	0.992100417214164	0.00789958278583587	0.000748826743869988	0.00192188538926194
Chimpanzee	EBO008.A0101	7.80656303972366	19.6891191709845	0.138169257340242	8.63557858376511	3.07426597582038	14.3696027633851	1.89982728842832	0.449050086355786	11.9516407599309	31.986183074266	0.997967049853802	0.00203295014619759	0.000259307618076198	0.000276225241234733
Chimpanzee	CDC005.A0101	7.42018981880932	10.267471958585	0.431406384814495	7.16134598792062	1.72562553925798	10.4400345125108	1.98446937014668	0.517687661777394	4.05522001725626	55.9965487489215	0.998090670856079	0.00190932914392084	0.00024192028040807	0.000236969572951975
Chimpanzee	KNP004.A0102	7.25806451612903	13.7096774193548	0	14.5161290322581	4.83870967741936	20.1612903225806	2.41935483870968	0.806451612903226	27.4193548387097	8.87096774193548	0.996930237163935	0.00306976283606476	0.000322805367133733	0.000545610734267466
Chimpanzee	26C	6.32340505496571	9.23611763600489	0.159729399605374	8.8790754486517	2.3771493000094	9.83745184628394	23.7339096119515	0.930188856525416	8.63478342572583	29.8881894202762	0.99577736694082	0.00422263305918037	0.000367114158955548	0.00047507114444724
Chimpanzee	02C	5.22320982722461	10.3265754519125	0.229701388195346	37.6011185458903	3.58533905922301	14.0717067811845	10.1468091481075	1.00868870468391	10.4564066713273	7.35044442225107	0.996452470804611	0.0035475291953886	0.000285479475082446	0.00143523943343291
Chimpanzee	CDC010.A0101	5.06196177273682	3.73871035496744	0.231043898340685	2.07939508506616	0.77714765805503	2.96156269691241	43.7933207309389	0.231043898340685	2.22642302037387	38.899390884268	0.996067218418541	0.00393278158145915	0.000299159234005489	0.000181812299446238
Chimpanzee	KNP006.A0102	4.41558441558442	13.4090909090909	0.25974025974026	20.7142857142857	5.29220779220779	17.2402597402597	3.8961038961039	0.876623376623377	24.5454545454546	9.35064935064935	0.998443741377743	0.00155625862225668	0.000169053690259672	0.000423943046953463
Chimpanzee	ABM007.A0101	4.06451612903226	21.6129032258065	0.258064516129032	18.4516129032258	5.09677419354839	25.2258064516129	1.93548387096774	0.774193548387097	14.5161290322581	8.06451612903226	0.998764862028921	0.00123513797107894	0.00015112478586424	0.0003320902977329
Chimpanzee	KNP003.A0102	3.79581151832461	10.3964098728497	0.224382946896036	14.8840688107704	4.28197456993269	15.8189977561705	6.17053103964099	14.2296185489903	20.6058339566193	9.59237097980554	0.997363972548615	0.00263602745138468	0.00020013333024219	0.000492641038782181
Chimpanzee	27C	3.76655629139073	8.87831125827815	0.310430463576159	30.0496688741722	3.78725165562914	9.06456953642384	22.5993377483444	1.67632450331126	10.5960264900662	9.27152317880795	0.995787605047528	0.00421239495247173	0.000259154209060422	0.00136973577777875
Chimpanzee	07C	3.16586373021335	15.4163799036476	0.229410415232852	23.170451938518	6.46937370956642	22.20692819454	6.74466620784584	1.0782289515944	14.1087405368204	7.40995641202111	0.998507121900639	0.00149287809936154	0.000147381876638194	0.000446780401482435
Chimpanzee	DJA006.A0101	2.93663060278207	12.6738794435858	0.309119010819165	15.3013910355487	7.1097372488408	27.6661514683153	1.54559505409583	2.00927357032458	17.9289026275116	12.5193199381762	0.999519748750416	0.000480251249583968	0.000114146914967362	0.000173712872724673
Chimpanzee	KNP005.A0102	2.92502387774594	13.10888252149	0.417860553963706	23.0300859598854	4.48901623686724	20.3199617956065	3.46227316141356	0.931232091690544	24.7731614135626	6.54250238777459	0.996510257191835	0.00348974280816506	0.00020216089047602	0.000904360643788743
Chimpanzee	20C	2.90519877675841	13.3282364933741	0.229357798165138	44.3679918450561	3.59327217125382	15.4434250764526	2.82874617737003	0.91743119266055	9.12334352701325	7.26299694189603	0.998538837628751	0.00146116237124927	0.00014248210255105	0.000748783688959461
Chimpanzee	ABM008.A0101	2.7027027027027	14.3243243243243	0	43.2432432432432	4.5945945945946	18.1081081081081	2.43243243243243	0.27027027027027	12.1621621621622	2.16216216216216	0.999073697528354	0.000926302471646107	0.000125102984995946	0.000501647759935134
Chimpanzee	CDC006.A0101	2.53007051016176	6.47034425549565	0.165906262961427	30.6097055163832	1.20282040647034	9.04189133139776	19.1206968063044	0.539195354624637	5.43343011198673	24.885939444214	0.998908915980195	0.00109108401980514	0.000127605195026177	0.000433977605398671
Chimpanzee	CDC008.A0101	2.39774330042313	9.02679830747532	2.25669957686883	14.8095909732017	2.25669957686883	12.4118476727786	16.1259990597085	2.11565585331453	11.8006582040433	26.7983074753174	0.997683567719944	0.00231643228005612	0.000155594253516337	0.000443376271718549
Chimpanzee	17C	2.32943712177734	15.1786454447484	0.406200779242311	35.4361822653292	3.75528475503606	16.7039708198624	13.3687031971041	0.79858520544917	9.53328359446241	2.48970681698859	0.996287737021115	0.00371226297888526	0.00018652008815812	0.00141617272899137
Chimpanzee	05C	2.05047318611987	12.7234490010515	0.315457413249211	42.6919032597266	3.31230283911672	16.5089379600421	2.31335436382755	1.36698212407992	10.5678233438486	8.14931650893796	0.998180148097632	0.00181985190236782	0.000137354783279999	0.000877745744188697
Chimpanzee	24C	2.03992423138569	7.15430569721696	0.131137986303366	53.6135800670261	2.17106221768906	13.0263733061343	13.4926417018796	0.597406382048667	5.54422264315897	2.22934576715722	0.993888234104553	0.00611176589544653	0.000224720548022088	0.00337792326033766
Chimpanzee	21C	1.98675496688742	14.9742457689478	0.183958793230316	36.2766740250184	4.85651214128035	16.9977924944812	6.29139072847682	0.735835172921266	12.6195732155997	5.07726269315673	0.998000735446378	0.00199926455362163	0.000139793545192203	0.000826600658509481
Chimpanzee	29C	1.95347185224649	20.9021488190375	0.213106020245072	17.5812466702184	5.8781743917599	21.2750843544664	11.9161782987036	0.87018291600071	12.8218788847452	6.58852779257681	0.997121898789673	0.00287810121032699	0.000156272720110745	0.000606454480996703
Chimpanzee	16C	1.70198280997362	14.7647008765211	0.229767679346439	26.644540890137	4.70598246957706	30.4910220406774	3.50608458854566	0.85099140498681	12.7648710748021	4.34005616543273	0.997018379425117	0.00298162057488285	0.000150772516532166	0.000894843746311059
Chimpanzee	04C	1.65929203539823	13.6061946902655	0.221238938053097	29.0929203539823	3.53982300884956	18.6946902654867	19.5243362831858	1.49336283185841	8.4070796460177	3.76106194690266	0.996487146769575	0.0035128532304245	0.000158352816690462	0.00112311938597276
Chimpanzee	19C	1.63829103758432	15.033729521362	0.256986829424992	26.3732733697398	3.53356890459364	31.609380019274	2.34500481850305	1.02794731769997	14.0057822036621	4.17603597815612	0.998537493643831	0.00146250635616917	0.000123967798557703	0.000485834561095563
Chimpanzee	KNP001.A0102	1.38868514987042	7.71600410737861	0.141802356852966	11.8625006112171	2.27372744609066	10.0288494450149	46.1395530780891	0.860593614004205	14.1460075301941	5.44227666128796	0.993920766530667	0.00607923346933288	0.000184466568340443	0.000821534840823644
Chimpanzee	14C	1.30990415335463	15.9584664536741	0.159744408945687	27.7156549520767	4.88817891373802	24.5686900958467	7.02875399361022	1.75718849840256	12.9872204472843	3.62619808306709	0.997257692332978	0.0027423076670224	0.000135938777853649	0.000860411946049759
Chimpanzee	CDC009.A0101	1.24731182795699	14.3225806451613	0.774193548387097	17.2043010752688	13.3333333333333	32.989247311828	2.19354838709677	0.344086021505376	13.6774193548387	3.91397849462366	0.997832479786755	0.00216752021324519	0.000127047344044082	0.000473066814401125
Chimpanzee	18C	1.17848725091065	12.6740947075209	0.0428540818512963	42.6719520034283	3.65331047782301	20.8806513820441	6.0959931433469	0.632097707306621	10.5206770944932	1.64988215127491	0.997233911081909	0.00276608891809127	0.000132615428224265	0.00128097500561134
Chimpanzee	28C	1.17733627667403	17.1008094186902	0.117733627667403	28.0794701986755	4.04709345106696	24.4591611479029	8.1383370125092	0.779985283296542	12.3767476085357	3.7233259749816	0.997320730947825	0.00267926905217455	0.000131553268820046	0.000852545461358092
Chimpanzee	KNP009.A0102	0.871683117549032	3.40340981925394	0.12498397641328	4.92885527496475	1.47416997820792	5.51531854890399	74.9230867837457	0.36213305986412	6.16587616972183	2.23048327137546	0.987776915783122	0.0122230842168779	0.000206573550638893	0.000702610738539033
Chimpanzee	KNP007.A0102	0.708196721311475	9.86229508196721	0.0655737704918033	23.4754098360656	4.82622950819672	23.1606557377049	4.56393442622951	2.08524590163934	29.8885245901639	1.36393442622951	0.996465370604964	0.00353462939503565	0.000125048496672725	0.000930311278595874
Baboon	ANSP3271	88.0239949119948	5.31493321993203	0.278109158785653	2.45481196584413	0.385363705813949	0.847122755651562	0.284883130176914	0.242357643109554	1.14743548733079	1.02098802136059	0.945208093156823	0.0547919068431767	0.0483458139691743	0.00144547859991844
Baboon	ANSP11833	73.3099722587239	13.5275222660242	0.248211417725215	4.95692801868886	0.613228208497591	1.64257555847569	0.576726529420354	0.401518469849613	2.3507081325741	2.37260914002044	0.995552079816937	0.00444792018306327	0.00336266606148251	0.00032060847000066
Chimpanzee	SRR17523953	1.49253731343284	46.2686567164179	1.49253731343284	1.49253731343284	17.910447761194	4.47761194029851	1.49253731343284	1.49253731343284	23.8805970149254	0	0.995673511558827	0.00432648844117267	0.000164574454345861	0.000164574454345861
Chimpanzee	SRR17524141	0.87463556851312	24.9271137026239	0	0.145772594752187	11.6618075801749	2.62390670553936	44.4606413994169	0.728862973760933	13.8483965014577	0.728862973760933	0.949305350280816	0.0506946497191842	0.000543393437777121	0.000173898906296187
Chimpanzee	SRR17524129	0.503778337531486	42.191435768262	0	0.251889168765743	9.06801007556675	2.39294710327456	14.735516372796	0	29.9748110831234	0.881612090680101	0.965375893947322	0.0346241060526775	0.000274428745857317	0.000187214372928659
Chimpanzee	SRR17523926	0.466562986003111	17.7293934681182	0.15552099533437	0.933125972006221	5.7542768273717	1.08864696734059	7.93157076205288	0.466562986003111	65.3188180404355	0.15552099533437	0.957916093985208	0.0420839060147916	0.000296347928529354	0.000492695857058708
Chimpanzee	SRR17523970	0.451467268623025	43.6794582392777	0	0.677200902934537	7.11060948081264	3.38600451467269	7.2234762979684	0.677200902934537	36.6817155756208	0.112866817155756	0.948551187503629	0.0514488124963707	0.000332274548516346	0.00044841182277452
Chimpanzee	SRR17524558	0.436681222707424	45.8515283842795	0	1.09170305676856	6.76855895196507	2.40174672489083	12.6637554585153	0.218340611353712	30.5676855895197	0	0.971808445155731	0.0281915548442694	0.000223107226394189	0.000407768065985473
Chimpanzee	SRR17524695	0.432900432900433	19.9134199134199	0	0.432900432900433	4.76190476190476	1.2987012987013	6.06060606060606	0	67.0995670995671	0	0.975958786491128	0.0240412135088724	0.000204074517354426	0.000204074517354426
Chimpanzee	SRR17524378	0.404858299595142	23.4817813765182	0	0	10.1214574898785	3.23886639676113	29.5546558704453	0	32.7935222672065	0.404858299595142	0.980815533980583	0.0191844660194175	0.000177669902912621	0.0001
Chimpanzee	SRR17524354	0.385356454720617	18.111753371869	0	0.192678227360308	5.20231213872832	1.15606936416185	1.92678227360308	0.192678227360308	72.2543352601156	0.578034682080925	0.968169273229071	0.0318307267709292	0.000222661760196259	0.000161330880098129
Chimpanzee	SRR17524281	0.359712230215827	48.9208633093525	0	1.07913669064748	4.31654676258993	4.67625899280576	14.7482014388489	0	25.8992805755396	0	0.983517135064627	0.0164828649353729	0.000159290881062493	0.000277872643187478
Chimpanzee	SRR17524332	0.34965034965035	32.8671328671329	0	0.34965034965035	6.64335664335664	3.14685314685315	13.2867132867133	1.04895104895105	41.958041958042	0.34965034965035	0.981412881003445	0.0185871189965555	0.000164989926561383	0.000164989926561383
Chimpanzee	SRR17524538	0.336700336700337	27.946127946128	0	0.336700336700337	13.4680134680135	1.68350168350168	34.6801346801347	1.34680134680135	19.8653198653199	0.336700336700337	0.988090464351592	0.0119095356484081	0.000140099446627637	0.000140099446627637
Chimpanzee	SRR17523903	0.333333333333333	16.5	0.166666666666667	2	5.83333333333333	1.83333333333333	38.6666666666667	0.333333333333333	34.3333333333333	0	0.965529127886936	0.0344708721130645	0.000214902907043548	0.000789417442261289
Chimpanzee	SRR17524294	0.329308452250274	53.5675082327113	0	0.548847420417124	6.14709110867179	4.39077936333699	13.8309549945115	0	20.8562019758507	0.329308452250274	0.946911421911422	0.0530885780885781	0.000274825174825175	0.000391375291375291
Chimpanzee	SRR17524323	0.316455696202532	30.0632911392405	0	0.158227848101266	8.06962025316456	2.05696202531646	6.64556962025316	0.158227848101266	52.373417721519	0.158227848101266	0.953216374269006	0.0467836257309942	0.000248049448515804	0.000174024724257902
Chimpanzee	SRR17523964	0.204081632653061	69.6938775510204	0	0.408163265306122	2.95918367346939	2.3469387755102	3.57142857142857	0	20.8163265306122	0	0.959489066181638	0.0405109338183622	0.000182675375139515	0.000265350750279029
Chimpanzee	SRR17523838	0.1953125	24.21875	0.1953125	0.9765625	5.078125	2.1484375	22.8515625	0.5859375	43.75	0	0.970877652010693	0.0291223479893066	0.000156879585916615	0.000384397929583073
Chimpanzee	SRR17523882	0.161943319838057	0.890688259109312	0	0	1.45748987854251	0.0809716599190283	96.3562753036437	0.0809716599190283	0.890688259109312	0.0809716599190283	0.937767699672461	0.0622323003275384	0.000200781053162006	0.0001
Chimpanzee	SRR17524105	0.148920327624721	25.3909158600149	0.223380491437081	0.670141474311244	4.39314966492926	1.19136262099777	10.126582278481	0.595681310498883	56.9620253164557	0.297840655249442	0.935476121841068	0.0645238781589315	0.000196089170750456	0.000532401268377054
Chimpanzee	SRR17524094	0.130548302872063	39.1644908616188	0	0.522193211488251	7.04960835509138	2.74151436031332	11.0966057441253	0.522193211488251	38.7728459530026	0	0.958710651142734	0.0412893488572661	0.000153902544200086	0.000315610176800345
Chimpanzee	SRR17523801	0	11.6483516483516	0.21978021978022	0	5.27472527472528	1.75824175824176	3.73626373626374	0	77.3626373626374	0	0.97086694839288	0.02913305160712	0.0001	0.0001
Chimpanzee	SRR17524512	0	8.9622641509434	0	0.0943396226415094	3.20754716981132	1.0377358490566	4.33962264150943	0.0943396226415094	82.2641509433962	0	0.939393939393939	0.0606060606060606	0.0001	0.000157175528873642
Chimpanzee	SRR17523812	0	20.534223706177	0	0.166944908180301	4.34056761268781	1.66944908180301	5.67612687813022	0.333889816360601	67.1118530884808	0.166944908180301	0.964069341971087	0.0359306580289125	0.0001	0.000159984404054946
Chimpanzee	SRR17523891	0	25.8252427184466	0	0.194174757281553	3.49514563106796	20.3883495145631	6.01941747572816	0.388349514563107	43.495145631068	0.194174757281553	0.972482985214738	0.0275170147852617	0.0001	0.000158513750731422
Chimpanzee	SRR17524389	0	13.1524008350731	0	0.208768267223382	2.08768267223382	0.835073068893528	18.580375782881	0	65.1356993736952	0	0.949085884353742	0.0509141156462585	0.0001	0.000206292517006803
Chimpanzee	SRR17523832	0	46.2264150943396	0	0.471698113207547	1.88679245283019	3.77358490566038	7.54716981132076	0	40.0943396226415	0	0.987416904083571	0.0125830959164293	0.0001	0.000159354226020893
Chimpanzee	SRR17524077	0	29.0697674418605	0	0.581395348837209	6.97674418604651	2.90697674418605	7.26744186046512	0.290697674418605	52.3255813953488	0.581395348837209	0.983039148013017	0.0169608519869835	0.0001	0.000198609604575486
Chimpanzee	SRR17523905	0	15.3996101364522	0	0.584795321637427	4.48343079922027	2.33918128654971	5.26315789473684	0.194931773879142	71.7348927875244	0	0.93746934771947	0.0625306522805297	0.0001	0.000467692119132247
Chimpanzee	SRR17523821	0	16.3732394366197	0	0.704225352112676	2.8169014084507	1.05633802816901	3.16901408450704	0.176056338028169	75.7042253521127	0	0.965985987184861	0.0340140128151386	0.0001	0.000339535301515061
Chimpanzee	SRR17523980	0	25.8823529411765	0.392156862745098	0.784313725490196	7.05882352941176	3.52941176470588	9.41176470588235	0	51.3725490196078	1.56862745098039	0.983724789379627	0.0162752106203727	0.0001	0.000227648710748022
Chimpanzee	SRR17524122	0	32.5459317585302	0	0.78740157480315	6.2992125984252	2.6246719160105	10.761154855643	0.26246719160105	46.1942257217848	0.5249343832021	0.975102920995883	0.0248970790041168	0.0001	0.0002960399921584
Chimpanzee	SRR17524346	0	26.9230769230769	0.320512820512821	0.961538461538461	4.48717948717949	2.56410256410256	20.8333333333333	0.320512820512821	41.6666666666667	1.92307692307692	0.987093571605858	0.0129064283941425	0.0001	0.000224100273020601
Chimpanzee	SRR17524312	0	59.5029239766082	0	1.16959064327485	6.72514619883041	5.70175438596491	11.8421052631579	0	15.0584795321637	0	0.956664977192093	0.0433350228079067	0.0001	0.000606842372022301
Chimpanzee	SRR17523915	0	54.6038543897216	0	1.2847965738758	4.28265524625268	4.06852248394004	10.2783725910064	0	24.8394004282655	0.642398286937902	0.972366863905325	0.0276331360946746	0.0001	0.000455029585798817
Chimpanzee	SRR17524088	0	16.6950596252129	0	1.53321976149915	4.25894378194208	0.851788756388416	12.7768313458262	0.170357751277683	62.5212947189097	1.19250425894378	0.961664054336468	0.0383359456635319	0.0001	0.000687774294670847
Chimpanzee	SRR17523938	0	21.580547112462	0	2.43161094224924	4.25531914893617	2.12765957446809	7.29483282674772	0	62.3100303951368	0	0.976857062464828	0.0231429375351716	0.0001	0.00066274620146314
Chimpanzee	SRR17523871	0	54.7528517110266	0	2.47148288973384	10.6463878326996	5.893536121673	7.03422053231939	0	14.4486692015209	4.75285171102662	0.971108425793694	0.0288915742063056	0.0001	0.000814050313083599
Chimpanzee	SRR17523999	0	38.7152777777778	0	2.60416666666667	9.20138888888889	3.81944444444444	14.2361111111111	0.347222222222222	28.2986111111111	2.77777777777778	0.950470273535249	0.0495297264647511	0.0001	0.0013941074971961
Chimpanzee	SRR17524526	0	42.9824561403509	0	2.63157894736842	7.89473684210526	3.50877192982456	27.1929824561404	0	14.9122807017544	0.87719298245614	0.99394261424017	0.00605738575982997	0.0001	0.000259404888416578
Chimpanzee	SRR17524363	0	46.031746031746	0	2.64550264550265	9.34744268077601	5.11463844797178	11.9929453262787	0	24.8677248677249	0	0.97049487433002	0.0295051256699797	0.0001	0.000880558880158193
Chimpanzee	SRR17524549	0	36.0294117647059	0	2.94117647058824	8.08823529411765	2.20588235294118	28.6764705882353	0	22.0588235294118	0	0.984200743494424	0.0157992565055762	0.0001	0.000564684014869889
Chimpanzee	SRR17524305	0	32.4786324786325	0	4.48717948717949	6.62393162393162	3.20512820512821	27.3504273504274	0	25.6410256410256	0.213675213675214	0.974233331498101	0.0257666685018995	0.0001	0.00125619666354677
Chimpanzee	SRR17524065	0	11.9540229885057	0	6.66666666666667	4.59770114942529	1.83908045977012	3.90804597701149	0.229885057471264	70.8045977011494	0	0.981135348453966	0.0188646515460341	0.0001	0.00135764343640227
Chimpanzee	SRR17524155	0	13.0434782608696	4.34782608695652	8.69565217391304	8.69565217391304	8.69565217391304	34.7826086956522	0	21.7391304347826	0	0.998706795203386	0.00129320479661415	0.0001	0.000217557162170105
Galago	SRR17524425	2.25563909774436	18.0451127819549	0	0	12.0300751879699	6.76691729323308	18.796992481203	0.75187969924812	37.593984962406	3.7593984962406	0.9884287454324	0.0115712545676005	0.000361005742126327	0.0001
Galago	SRR17524426	1.47783251231527	17.7339901477833	0	0	11.4942528735632	3.77668308702792	14.2857142857143	0.492610837438424	48.1116584564861	2.62725779967159	0.966995447647951	0.0330045523520486	0.000587752005202688	0.0001
Galago	SRR17524423	0	11.4754098360656	0	0	12.2950819672131	1.63934426229508	5.73770491803279	0	36.0655737704918	32.7868852459016	0.983911380720032	0.0160886192799683	0.0001	0.0001
Galago	SRR17524424	0	1.23456790123457	0	0	2.46913580246914	59.2592592592593	1.23456790123457	1.23456790123457	30.8641975308642	3.7037037037037	0.99586716937355	0.00413283062645012	0.0001	0.0001
Galago	SRR17524427	0	0.53475935828877	0	0.53475935828877	3.74331550802139	0.53475935828877	1.60427807486631	0	20.3208556149733	72.7272727272727	0.961656756202584	0.0383432437974164	0.0001	0.000305044084478163
Gibbon	SRR17524235	0	30.7692307692308	0	7.69230769230769	23.0769230769231	23.0769230769231	0	0	15.3846153846154	0	0.999647973137643	0.000352026862357497	0.0001	0.000127078989412115
Howler Monkey	SRR17524398	0.0592417061611374	1.65876777251185	1.30331753554502	0	0.829383886255924	0.0592417061611374	0.533175355450237	0.0592417061611374	90.0473933649289	5.45023696682465	0.839115516584064	0.160884483415936	0.000195310712924133	0.0001
Howler Monkey	SRR17524400	0	1.11870727159727	1.61591050341827	0	0.435052827843381	0.310752019888129	0.248601615910503	0.0621504039776259	84.5866998135488	11.622125543816	0.822719259585721	0.177280740414279	0.0001	0.0001
Howler Monkey	SRR17524403	0	0.520471894517696	3.95558639833449	0	0.381679389312977	0.381679389312977	0.173490631505899	0.173490631505899	87.7862595419847	6.62734212352533	0.552275904924654	0.447724095075346	0.0001	0.0001
Howler Monkey	SRR17524401	0	2.007136485281	0.178412132024978	0.0446030330062444	0.579839429081178	0.490633363068689	0.312221231043711	0	75.2453166815344	21.1418376449599	0.847762612887893	0.152237387112107	0.0001	0.000167902492021457
Howler Monkey	SRR17524402	0	4.31693989071038	2.84153005464481	0.0546448087431694	0.437158469945355	0.437158469945355	0.109289617486339	0.109289617486339	83.7704918032787	7.92349726775956	0.743338008415147	0.256661991584853	0.0001	0.000240252454417952
Mangabey	SRR17524358	0.128369704749679	5.77663671373556	0	0	1.28369704749679	0	3.0808729139923	0	27.98459563543	61.7458279845956	0.959542975850428	0.0404570241495715	0.000151934562451311	0.0001
Mangabey	SRR17524365	0.0583771161704612	6.50904845300642	0	0.175131348511384	0.788091068301226	0.0583771161704612	3.1523642732049	0.0875656742556918	36.0478692352598	53.1231757151197	0.869046708967204	0.130953291032796	0.000176446754835257	0.000329340264505772
Mangabey	SRR17524369	0.0496524329692155	2.58192651439921	0	0.0496524329692155	0.446871896722939	0.0496524329692155	3.47567030784508	0.099304865938431	30.4865938430983	62.7606752730884	0.925038150891428	0.0749618491085719	0.000137220381881118	0.000137220381881118
Mangabey	SRR17524366	0.049079754601227	1.57055214723926	0	0	0.588957055214724	0.049079754601227	3.33742331288344	0.0736196319018405	27.8527607361963	66.478527607362	0.845743271378279	0.154256728621721	0.000175708823863421	0.0001
Mangabey	SRR17524098	0.0258732212160414	5.82147477360931	0	0	0.569210866752911	0.206985769728331	1.5006468305304	0.0776196636481242	60.620957309185	31.1772315653299	0.893842012744452	0.106157987255548	0.000127466490881125	0.0001
Mangabey	SRR17524092	0.0206910821435961	4.63480240016553	0	0	0.434512725015518	0.0827643285743844	3.22780881440099	0.0206910821435961	29.9399958617836	61.6387337057728	0.757123473541384	0.242876526458616	0.000150253781597065	0.0001
Mangabey	SRR17524583	0.0147015583651867	2.52866803881211	0	0	0.235224933842987	0.0441046750955601	2.21993531314319	0.0441046750955601	45.6042340488092	49.3090267568362	0.721776832460733	0.278223167539267	0.000140903141361257	0.0001
Mangabey	SRR17524096	0	0.962000962000962	0	0	0.673400673400673	0	3.7037037037037	0	28.5714285714286	66.0894660894661	0.891362282489418	0.108637717510582	0.0001	0.0001
Mangabey	SRR17524352	0	4.00529625951672	0	0	0.926845415425356	0.099304865938431	2.151605428666	0.066203243958954	51.4068189341278	41.3439258523668	0.789271763392857	0.210728236607143	0.0001	0.0001
Mangabey	SRR17524353	0	0.62960687960688	0.107493857493857	0	0.383906633906634	0.0767813267813268	2.18058968058968	0	48.0497542997543	48.5718673218673	0.678403871796138	0.321596128203862	0.0001	0.0001
Mangabey	SRR17524357	0	0.978473581213307	0	0	0.489236790606654	0	2.83757338551859	0.0978473581213307	27.3972602739726	68.1996086105675	0.956008953168044	0.0439910468319559	0.0001	0.0001
Mangabey	SRR17524093	0	1.67774612219057	0	0.0316555872111428	0.506489395378284	0.0316555872111428	3.41880341880342	0	30.2627413738525	64.070908515353	0.849449554401182	0.150550445598818	0.0001	0.000147657627603298
Mangabey	SRR17524368	0	0.919305413687436	0	0.0408580183861083	0.59244126659857	0.0408580183861083	3.63636363636364	0.0408580183861083	29.7242083758938	65.0051072522983	0.762816164357011	0.237183835642989	0.0001	0.000196908615175889
Mangabey	SRR17524362	0	0.870511425462459	0	0.0544069640914037	0.380848748639826	0	4.18933623503809	0.0544069640914037	30.4678998911861	63.9825897714908	0.920104325146707	0.0798956748532928	0.0001	0.000143468811128016
Mangabey	SRR17524582	0	2.92504570383912	0	0.0609384521633151	0.426569165143205	0.12187690432663	2.31566118220597	0	44.2413162705667	49.908592321755	0.938007630992407	0.0619923690075932	0.0001	0.000137777190132598
Mangabey	SRR17524355	0	0.421940928270042	0.0162284972411555	0.210970464135021	0.308341447581954	0.0973709834469328	2.74261603375527	0.0973709834469328	47.7929243752029	48.3122362869198	0.753913738019169	0.246086261980831	0.0001	0.000619169329073483
Samango Monkey	SRR17524534	0.0261865793780687	1.2569558101473	20.5040916530278	6.85433715220949	0.772504091653028	0.405891980360066	3.29296235679214	0.0261865793780687	32.582651391162	34.278232405892	0.613867893526126	0.386132106473875	0.00020111479056599	0.0265667964306479
Sifaka	SRR17524584	0.0310366232153942	0.155183116076971	0	0	1.70701427684668	0.341402855369336	28.3054003724395	0.0620732464307883	4.2830540037244	65.114835505897	0.879339400067408	0.120660599932592	0.000137448975770513	0.0001
Sifaka	SRR17524054	0.027681660899654	0.262975778546713	0	0	2.28373702422145	0.346020761245675	2.11764705882353	0.027681660899654	3.75086505190311	91.1833910034602	0.837186767622138	0.162813232377862	0.000145069406886605	0.0001
Sifaka	SRR17524198	0	0.351493848857645	0	0	1.40597539543058	0.527240773286468	69.0685413005273	0.175746924428822	2.10896309314587	26.3620386643234	0.978782115822053	0.0212178841779468	0.0001	0.0001
Sifaka	SRR17524200	0	0.550964187327824	0	0	0.550964187327824	0	47.1074380165289	0.275482093663912	1.10192837465565	50.4132231404959	0.971066475370636	0.0289335246293639	0.0001	0.0001
Sifaka	SRR17524496	0	0.141242937853107	0	0	1.64783427495292	0.141242937853107	34.5574387947269	0	2.49529190207156	61.0169491525424	0.929331913760979	0.0706680862390205	0.0001	0.0001
Sifaka	SRR17524501	0	0	0	0	1.05177993527508	0.242718446601942	52.1035598705502	0.0809061488673139	8.49514563106796	38.0258899676375	0.935875486381323	0.0641245136186771	0.0001	0.0001
Sifaka	SRR17524585	0	0.488069414316703	0	0	1.16594360086768	0.352494577006508	27.0336225596529	0.216919739696312	24.4577006507592	46.2852494577007	0.845308502160144	0.154691497839856	0.0001	0.0001
Sifaka	SRR17524586	0	0.503778337531486	0	0	1.20906801007557	0.0503778337531486	93.1486146095718	0.35264483627204	3.727959697733	1.00755667506297	0.9006556228417	0.0993443771583004	0.0001	0.0001
Sifaka	SRR17524587	0	0.150829562594269	0	0	0.904977375565611	0.150829562594269	72.6998491704374	0.226244343891403	9.04977375565611	16.8174962292609	0.905238333452441	0.0947616665475595	0.0001	0.0001
Sifaka	SRR17524589	0	0.282186948853616	0	0	1.41093474426808	0.246913580246914	37.7072310405644	0.105820105820106	15.0617283950617	45.1851851851852	0.827239488117002	0.172760511882998	0.0001	0.0001
Sifaka	SRR17524591	0	0.126742712294043	0	0	0.887198986058302	0	12.6742712294043	0	0.380228136882129	85.9315589353612	0.935401997707549	0.0645980022924513	0.0001	0.0001
Sifaka	SRR17524596	0	0.482832618025751	0	0	1.23390557939914	0.321888412017167	30.3648068669528	0.160944206008584	27.1459227467811	40.2896995708155	0.861164903917772	0.138835096082229	0.0001	0.0001
Sifaka	SRR17524602	0	0	0	0	0	0	0	0	100	0	0.983333333333333	0.0166666666666667	0.0001	0.0001
Sifaka	SRR17524623	0	1.44927536231884	0.483091787439614	0	2.89855072463768	0	38.6473429951691	0.966183574879227	3.86473429951691	51.6908212560387	0.991090643023156	0.00890935697684428	0.0001	0.0001
Sifaka	SRR17524595											1	0	0.0001	0.0001
Titi Monkey	SRR17523901	0.146627565982405	3.37243401759531	0	0	1.46627565982405	0.293255131964809	0.293255131964809	0.293255131964809	85.4838709677419	8.65102639296188	0.974224271514418	0.0257757284855815	0.000137794323292641	0.0001
Titi Monkey	SRR17523894	0.137913741223671	0.727181544633902	0.0877632898696088	0.0125376128385155	0.438816449348044	0.150451354062187	0.238214643931795	0.0752256770310933	97.0661985957874	1.06569709127382	0.75916420073676	0.240835799263241	0.000432145660969865	0.00013019506008817
Titi Monkey	SRR17523900	0.0798722044728434	1.15814696485623	0.0798722044728434	0.0399361022364217	0.718849840255591	0.159744408945687	0.0399361022364217	0.0798722044728434	77.4760383386581	20.167731629393	0.853558687642552	0.146441312357448	0.000216965904438856	0.000158482952219428
Titi Monkey	SRR17523899	0.0788436268068331	1.31406044678055	0.0788436268068331	0.026281208935611	0.367936925098555	0.183968462549277	0.394218134034166	0.26281208935611	95.8475689881735	1.44546649145861	0.846138293570562	0.153861706429438	0.000221310149615851	0.000140436716538617
Titi Monkey	SRR17524504	0.0783085356303837	5.40328895849648	0.0783085356303837	0	0.783085356303837	0.234925606891151	0.313234142521535	0.234925606891151	83.7118245888802	9.16209866875489	0.930894528924725	0.0691054710752746	0.000154115482439526	0.0001
Titi Monkey	SRR17524514	0.0716674629718108	0.31055900621118	0	0.0716674629718108	0.740563784042045	0.167224080267559	0.143334925943622	0.0238891543239369	79.3836598184424	19.0874343048256	0.77932416047235	0.22067583952765	0.000258152775581211	0.000258152775581211
Titi Monkey	SRR17524510	0.0687521485046408	1.44379511859746	0.0343760742523204	0.137504297009282	0.515641113784806	0.171880371261602	0.481265039532485	0.275008594018563	95.3592299759367	1.5125472671021	0.88973124597248	0.11026875402752	0.000175812137523217	0.000251624275046435
Titi Monkey	SRR17523827	0.0687127805771874	1.14521300961979	0.0229042601923958	0	1.21392579019698	0.229042601923958	0.274851122308749	0.114521300961979	95.2130096197893	1.71781951442968	0.856348501299641	0.143651498700359	0.000198706939097819	0.0001
Titi Monkey	SRR17523818	0.0555632726767607	0.791776635643839	0.0972357271843311	0.0138908181691902	0.347270454229754	0.250034727045423	0.166689818030282	0.277816363383803	97.4857619113766	0.513960272260036	0.764446044107061	0.235553955892939	0.00023088148681369	0.000132720371703423
Titi Monkey	SRR17524519	0.0514204910656897	0.642756138321121	0.0771307365985345	0	0.449929296824785	0.205681964262759	0.141406350430647	0.205681964262759	97.0304666409564	1.19552641727729	0.768668034615042	0.231331965384959	0.000218952032592857	0.0001
Titi Monkey	SRR17523822	0.0506329113924051	1.41772151898734	0	0	0.708860759493671	0.30379746835443	0.455696202531646	0.10126582278481	96.4556962025317	0.506329113924051	0.879793061472915	0.120206938527085	0.000160864272671942	0.0001
Titi Monkey	SRR17523902	0.0485436893203884	1.74757281553398	0.0970873786407767	0.242718446601942	0.388349514563107	0.242718446601942	0.145631067961165	0.242718446601942	96.0194174757282	0.825242718446602	0.909263092983306	0.0907369070166938	0.000144047042241114	0.000320235211205568
Titi Monkey	SRR17523886	0.0434310532030402	1.04234527687296	0	0	0.434310532030402	0.130293159609121	0.130293159609121	0.152008686210641	97.5244299674267	0.542888165038002	0.795506017141081	0.204493982858919	0.000188813890492473	0.0001
Titi Monkey	SRR17523893	0.0429307384087006	0.286204922724671	0.0143102461362335	0	0.386376645678306	0.143102461362335	0.257584430452204	0.114481969089868	98.5403548941042	0.214653692043503	0.752724699221515	0.247275300778486	0.000206157112526539	0.0001
Titi Monkey	SRR17524520	0.0398724082934609	0.817384370015949	0.0398724082934609	0.119617224880383	0.398724082934609	0.219298245614035	0.219298245614035	0.239234449760766	83.0741626794258	14.8325358851675	0.784146656338756	0.215853343661245	0.000186065926499699	0.000358197779499096
Titi Monkey	SRR17523831	0.0371195248700817	0.965107646622123	0.0927988121752042	0	0.371195248700817	0.148478099480327	0.129918337045286	0.167037861915368	97.8285077951002	0.259836674090572	0.777511665359045	0.222488334640955	0.00018258661271008	0.0001
Titi Monkey	SRR17523885	0.0357525920629246	0.321773328566321	0.178762960314623	0	0.536288880943868	0.107257776188774	0.214515552377547	0.143010368251698	96.9610296746514	1.50160886664283	0.889647281622347	0.110352718377653	0.00013945395723191	0.0001
Titi Monkey	SRR17524511	0.03382949932341	0.3382949932341	0.09021199819576	0	0.4510599909788	0.18042399639152	0.23680649526387	0.10148849797023	97.9815065403699	0.58637798827244	0.734491017964072	0.265508982035928	0.000189820359281437	0.0001
Titi Monkey	SRR17524516	0.0335720680393912	1.71217547000895	0.0783348254252462	0.0111906893464637	0.604297224709042	0.145478961504029	0.279767233661594	0.123097582811101	95.2103849597135	1.80170098478066	0.693363530299911	0.306636469700089	0.000202944204241301	0.0001343147347471
Titi Monkey	SRR17524518	0.0322268772155978	1.22462133419272	0.0644537544311956	0.0644537544311956	1.16016757976152	0.193361263293587	0.29004189494038	0.161134386077989	79.0203029326458	17.78923622301	0.859325414815486	0.140674585184514	0.000145335025840965	0.000190670051681929
Titi Monkey	SRR17523823	0.0271763746716188	0.271763746716188	0.0905879155720627	0.0452939577860314	0.344234079173838	0.253646163601776	0.163058248029713	0.208352205815744	97.5813026542259	1.0145846544071	0.685534412032817	0.314465587967183	0.000185460346399271	0.000242433910665451
Titi Monkey	SRR17524509	0.0261985852763951	0.864553314121038	0	0	0.681163217186272	0.209588682211161	0.288184438040346	0.0785957558291852	90.516112129945	7.33560387739062	0.838686501563689	0.161313498436311	0.000142261854450173	0.0001
Titi Monkey	SRR17523825	0.0247157686604053	0.815620365793376	0	0	0.395452298566485	0.247157686604053	0.173010380622837	0.173010380622837	97.8250123578843	0.346020761245675	0.794577579203899	0.205422420796101	0.000150771730300569	0.0001
Titi Monkey	SRR17523907	0.0219394471259324	0.372970601140851	0.0804446394617522	0.00731314904197748	0.438788942518649	0.109697235629662	0.14626298083955	0.182828726049437	97.3892057920141	1.25054848617815	0.613007301749024	0.386992698250976	0.000184904058413992	0.000128301352804664
Titi Monkey	SRR17523883	0.0218674830527006	2.97397769516729	0.0656024491581019	0	0.612289525475618	0.218674830527006	0.262409796632408	0.196807347474306	94.9486114148262	0.69975945768642	0.867583610829593	0.132416389170407	0.000128956131460837	0.0001
Titi Monkey	SRR17523904	0.0205086136177194	0.615258408531583	0.102543068088597	0.0205086136177194	0.471698113207547	0.143560295324036	0.123051681706317	0.123051681706317	95.4470877768663	2.93273174733388	0.852305082692191	0.147694917307809	0.000130290179923669	0.000130290179923669
Titi Monkey	SRR17523815	0.0188430374976446	0.942151874882231	0.0753721499905785	0	0.395703787450537	0.207273412474091	0.226116449971735	0.0942151874882231	97.5692481628039	0.471075937441116	0.834000625586487	0.165999374413513	0.000131279324366594	0.0001
Titi Monkey	SRR17523820	0.0187160771102377	0.842223469960696	0.0842223469960696	0.00935803855511885	0.524050159086655	0.177802732547258	0.252667040988209	0.0655062698858319	97.0802919708029	0.945161894067003	0.6575	0.3425	0.000164102564102564	0.000132051282051282
Titi Monkey	SRR17524517	0.0167056465085199	0.618108920815236	0.0167056465085199	0	0.517875041764116	0.150350818576679	0.217173404610758	0.217173404610758	95.4727697961911	2.7731373204143	0.743431486005743	0.256568513994257	0.000142861429000043	0.0001
Titi Monkey	SRR17523826	0.0148986889153754	0.476758045292014	0.0297973778307509	0.0148986889153754	0.372467222884386	0.208581644815256	0.208581644815256	0.134088200238379	97.2139451728248	1.32598331346841	0.820625885245464	0.179374114754536	0.000126724391351987	0.000126724391351987
Titi Monkey	SRR17523819	0.0106044538706257	1.31495227995758	0.0106044538706257	0	0.477200424178155	0.159066808059385	0.159066808059385	0.148462354188759	97.0307529162248	0.689289501590668	0.727771362586605	0.272228637413395	0.000128868360277136	0.0001
Titi Monkey	SRR17523829	0	0.371636687973837	0.0594618700758139	0	0.416233090530697	0.163520142708488	0.178385610227442	0.193251077746395	98.2161438977256	0.401367623011744	0.722116655651024	0.277883344348976	0.0001	0.0001
Titi Monkey	SRR17523830	0	0.461133069828722	0.0395256916996047	0	0.303030303030303	0.184453227931489	0.197628458498024	0.158102766798419	98.5638998682477	0.0922266139657444	0.767833109017497	0.232166890982503	0.0001	0.0001
Titi Monkey	SRR17523834	0	1.44723618090452	0.120603015075377	0	0.723618090452261	0.120603015075377	0.160804020100503	0.261306532663317	96.9045226130653	0.261306532663317	0.820299801336464	0.179700198663536	0.0001	0.0001
Titi Monkey	SRR17523888	0	1.06536135905557	0.0575871004894904	0	0.633458105384394	0.0863806507342355	0.316729052692197	0.259141952202707	95.5082061618198	2.07313561762165	0.885026649452114	0.114973350547886	0.0001	0.0001
Titi Monkey	SRR17523895	0	1.3223356899712	0.0654621628698612	0	0.379680544645195	0.209478921183556	0.0916470280178057	0.0916470280178057	97.2374967268919	0.602251898402723	0.786152252428815	0.213847747571185	0.0001	0.0001
Titi Monkey	SRR17523898	0	0.275671950379049	0	0	0.585802894555479	0.172294968986906	0.206753962784287	0.0689179875947622	98.2425913163336	0.447966919365955	0.61460823373174	0.38539176626826	0.0001	0.0001
Titi Monkey	SRR17524502	0	0.88339222614841	0	0	1.19257950530035	0.176678445229682	0.530035335689046	0.132508833922262	87.6766784452297	9.40812720848056	0.899462675962521	0.100537324037479	0.0001	0.0001
Titi Monkey	SRR17524506	0	11.6974494283201	0	0	1.14335971855761	0.263852242744063	0.439753737906772	0.175901495162709	85.9278803869833	0.351802990325418	0.947071967228377	0.0529280327716228	0.0001	0.0001
Titi Monkey	SRR17524507	0	0.313479623824451	0.0522466039707419	0	0.783699059561128	0.365726227795193	0.104493207941484	0.104493207941484	70.1149425287357	28.1609195402299	0.891194360752658	0.108805639247342	0.0001	0.0001
Titi Monkey	SRR17524513	0	1.31578947368421	0.0355618776671408	0	0.568990042674253	0.177809388335704	0.177809388335704	0.142247510668563	96.6571834992888	0.924608819345661	0.892921061650356	0.107078938349644	0.0001	0.0001
Titi Monkey	SRR17524515	0	1.2878200155159	0.0930954228083786	0	0.372381691233514	0.263770364623739	0.170674941815361	0.232738557020947	96.4468580294802	1.13266097750194	0.715841453198713	0.284158546801287	0.0001	0.0001
Titi Monkey	SRR17523908	0	0.4657712305026	0.0649913344887349	0.0108318890814558	0.4657712305026	0.162478336221837	0.173310225303293	0.194974003466205	98.0069324090121	0.454939341421144	0.732289401188923	0.267710598811077	0.0001	0.000128998115122517
Titi Monkey	SRR17523889	0	0.405327156919514	0.0810654313839027	0.0115807759119861	0.451650260567458	0.254777070063694	0.243196294151708	0.0579038795599305	97.6722640416908	0.822235089751013	0.686433292178081	0.313566707821919	0.0001	0.000136313457767449
Titi Monkey	SRR17524521	0	0.153209744139727	0.0306419488279455	0.0153209744139727	0.428987283591236	0.1685307185537	0.306419488279455	0.122567795311782	98.2534089168071	0.520913130075073	0.800714460185638	0.199285539814362	0.0001	0.000130532486565706
Titi Monkey	SRR17524505	0	0.470477534697718	0.0235238767348859	0.0235238767348859	0.470477534697718	0.211714890613973	0.211714890613973	0.329334274288403	93.0134086097389	5.24582451187956	0.737560192616372	0.262439807383628	0.0001	0.000161736016792197
Titi Monkey	SRR17523835	0	7.09677419354839	0.02389486260454	0.02389486260454	0.50179211469534	0.21505376344086	0.31063321385902	0.0716845878136201	91.5890083632019	0.16726403823178	0.839753407872569	0.160246592127431	0.0001	0.000138290703017307
Titi Monkey	SRR17523896	0	1.20761727821644	0.0309645455952934	0.0309645455952934	0.541879547917634	0.263198637559994	0.2322340919647	0.247716364762347	96.7642049852918	0.681220003096455	0.794606798740738	0.205393201259262	0.0001	0.000163599071453557
Titi Monkey	SRR17524503	0	0.570703868103995	0.190234622701332	0.0634115409004439	0.317057704502219	0.190234622701332	0.253646163601776	0.253646163601776	97.14648065948	1.0145846544071	0.611001480019734	0.388998519980266	0.0001	0.000346669955599408
Titi Monkey	SRR17523833	0	4.26026336173509	0	0.0774593338497289	0.69713400464756	0.542215336948102	0.619674670797831	0.154918667699458	93.0286599535244	0.619674670797831	0.920259419394688	0.0797405806053119	0.0001	0.000161766522544781
Titi Monkey	SRR17524508	0	1.81928441479685	0	0.121285627653123	1.15221346270467	0.545785324439054	0.545785324439054	0.485142510612492	90.0545785324439	5.27592480291086	0.927074119936317	0.072925880063683	0.0001	0.000188448611356802
Titi Monkey	SRR17523909	0	1.03785103785104	0.122100122100122	0.366300366300366	0.305250305250305	0.244200244200244	0.122100122100122	0.122100122100122	94.017094017094	3.66300366300366	0.872944461681663	0.127055538318337	0.0001	0.000565404902264971
Titi Monkey	SRR17523817	0	0.591715976331361	0.157790927021696	0.591715976331361	0.828402366863905	0.19723865877712	0.591715976331361	0.0788954635108481	93.6883629191322	3.2741617357002	0.870026661197703	0.129973338802297	0.0001	0.000869073010664479
Vervet Monkey	SRR17524480	0.0783085356303837	0.548159749412686	39.9373531714957	3.68050117462803	1.01801096319499	1.09631949882537	2.8974158183242	0.234925606891151	27.3296789350039	23.1793265465936	0.830860927152318	0.169139072847682	0.000232450331125828	0.00632516556291391
Vervet Monkey	SRR17524674	0.0689560060681285	0.717142463108537	40.9184940008275	0.992966487381051	0.606812853399531	1.83422976141222	2.74444904151152	0.0689560060681285	21.0315818507792	31.0164115294442	0.511223458038423	0.488776541961577	0.000437040781934614	0.00495338725985844
Vervet Monkey	SRR17524675	0.0383141762452107	0.363984674329502	55.2107279693487	1.60919540229885	0.651340996168582	0.0574712643678161	5.63218390804598	0.0957854406130268	20.0574712643678	16.2835249042146	0.31737936445665	0.68262063554335	0.000361540473388257	0.0110846998823068
Vervet Monkey	SRR17524258	0.0351000351000351	0.14040014040014	1.86030186030186	2.65005265005265	0.210600210600211	0.0351000351000351	3.001053001053	0.0175500175500176	41.8041418041418	50.2457002457003	0.405467445742905	0.594532554257095	0.000308681135225376	0.0158554257095159
Vervet Monkey	SRR17524257	0.0209995800083998	0.451490970180596	37.3687526249475	0.923981520369593	0.577488450230995	0.346493070138597	2.43595128097438	0.0104997900041999	22.6690466190676	35.1952960940781	0.31075408886959	0.68924591113041	0.000244738746562455	0.00646850484874801
Vervet Monkey	SRR17524261	0.00891583452211127	0.427960057061341	40.0588445078459	1.31062767475036	0.392296718972896	0.312054208273894	2.6925820256776	0.0445791726105564	12.5624108416548	42.1897289586305	0.224074714631615	0.775925285368385	0.000169180214458665	0.0102694915254237
Vervet Monkey	SRR17524266	0.00614477080004916	0.313383310802507	2.40875015361927	2.43947400761952	0.159764040801278	0.141329728401131	1.92331326041539	0.0122895416000983	34.0113063782721	58.5842448076687	0.215067766362803	0.784932233637197	0.000148232286692712	0.0192482178170067
