Library_ID	Total
JAE006.A0101	39683
JAE007.A0101	37633
JAE008.A0101	42128
JAE009.A0101	42557
JAE010.A0101	41377
JAE012.A0101	39518
JAE013.A0101	36644
JAE014.A0101	43092
JAE015.A0101	41591
JAE016.A0101	41919
VLC001.A0101	38544
VLC002.A0101	35630
VLC003.A0101	35132
VLC004.A0101	40571
VLC005.A0101	42034
VLC008.A0101	37400
VLC009.A0101	38105
VLC010.A0101	33524
SRS011098	28788
SRS011126	38482
SRS011152	34911
SRS011255	34314
SRS011343	32501
SRS012285	34863
SRS013170	39028
SRS013252	37030
SRS013533	41040
SRS013723	37196
SRS013836	35826
SRS013949	34360
SRS013950	31768
SRS014107	19951
SRS014476	37879
SRS014477	27971
SRS014578	35342
SRS014690	22208
SRS014691	26061
SRS014894	27593
SRS015044	33433
SRS015063	29415
SRS015064	26539
SRS015158	33099
SRS015215	32865
SRS015278	30225
SRS015378	18173
SRS015440	32353
SRS015470	35436
SRS015574	36765
SRS015650	24997
SRS015755	27978
SRS015803	33260
SRS015899	32711
SRS015947	21482
SRS015989	27731
SRS016043	32272
SRS016092	25456
SRS016200	30356
SRS016331	37395
SRS016360	30387
SRS016541	28985
SRS016575	37541
SRS016746	34597
SRS017025	24590
SRS017088	14260
SRS017139	37264
SRS017227	41672
SRS017304	28343
SRS017445	37787
SRS017511	38650
SRS017691	39185
SRS017814	27281
SRS018157	40136
SRS018337	25026
SRS018394	37656
SRS018573	31346
SRS018665	38146
SRS018778	15882
SRS018975	31519
SRS019028	29014
SRS019029	35475
SRS019077	34329
SRS019128	36352
SRS019129	31320
SRS019225	27216
SRS019333	20902
SRS019387	23344
SRS019591	27978
SRS019906	34822
SRS019980	34247
SRS020226	37730
SRS020340	28630
SRS020862	19659
SRS021477	33795
SRS021960	26318
SRS022083	24671
SRS022149	37408
SRS022536	40160
SRS022602	37839
SRS022725	41447
SRS023358	30905
SRS023538	22573
SRS023595	41973
SRS023841	27967
SRS023938	34988
SRS023964	33970
SRS024021	29196
SRS024087	40442
SRS024144	25389
SRS024289	30966
SRS024355	38098
SRS024381	32991
SRS024447	33248
SRS024561	34126
SRS024649	34445
SRS042984	39296
SRS043018	36991
SRS043755	32412
SRS043772	24507
SRS044366	14039
SRS045197	38923
SRS045313	20463
SRS047100	27847
SRS047113	41186
SRS047265	21507
SRS047634	39617
SRS049268	37395
SRS049318	42168
SRS051244	35161
SRS051378	26195
SRS051930	34746
SRS051941	36852
SRS052604	19099
SRS052876	31057
SRS053584	30763
SRS053630	25488
SRS053917	40435
SRS054430	26384
SRS054653	27503
SRS055378	39760
SRS055401	33118
SRS055450	26100
SRS058053	40241
SRS058808	37843
SRS063215	29016
SRS063603	39274
SRS063999	38254
SRS064219	5213
SRS064329	32452
SRS064449	37588
SRS064493	9946
SRS065099	37263
SRS065310	23421
SRS075410	31075
SRS011247	16236
SRS011310	14258
SRS013506	15909
SRS013945	21065
SRS015436	18775
SRS015799	12119
SRS018359	13895
SRS019124	17008
SRS019587	12280
SRS024281	12207
SRS043239	25339
SRS052874	15379
SRS056892	16932
SRS058105	11803
SRS013942	14034
SRS014468	10095
SRS014692	16760
SRS015055	18989
SRS019120	16663
SRS475533	5148
SRS475535	3156
SRS475536	2293
SRS475538	1654
SRS475543	2168
SRS475544	3439
SRS475547	2597
SRS475548	1775
SRS475563	2387
SRS475569	1653
SRS475571	2104
SRS475573	1785
SRS475576	1450
SRS475579	1839
SRS475583	1817
SRS475584	2245
SRS475587	2226
SRS475588	5154
SRS475590	1518
SRS475591	2402
SRS475592	1856
SRS475593	2406
SRS475595	3607
SRS475596	1442
SRS475597	2668
SRS475599	3155
SRS475600	2133
SRS475601	2789
SRS475605	1641
SRS475609	1996
SRS475616	1128
SRS475618	3026
SRS475619	9860
SRS475622	1464
SRS475628	1533
SRS475635	2381
SRS475646	2542
SRS475649	5658
SRS475650	1482
SRS475653	2606
SRS475654	1436
SRS475655	1885
SRS475660	6705
SRS475663	2332
SRS475665	2514
SRS475668	3062
SRS475669	4211
SRS475670	3250
SRS475672	2585
SRS475676	6163
SRS475677	2528
SRS475678	1662
SRS475679	2924
SRS475683	1620
SRS475685	2654
SRS475686	1757
SRS475687	2938
SRS475691	2132
SRS475696	2006
SRS475697	3452
SRS475699	4204
SRS475700	3643
SRS475704	2527
SRS475706	3889
SRS475707	2778
SRS475708	3714
SRS475710	2372
SRS475711	3597
SRS475718	2446
SRS475719	3143
SRS475720	4745
SRS475724	2844
SRS475725	3850
SRS475916	1725
SRS475917	749
SRS475918	2123
SRS475919	1537
SRS475922	2232
SRS475923	3639
SRS475926	2431
SRS475927	2191
SRS475930	1698
SRS475932	2779
SRS475934	3547
SRS475935	2371
SRS475937	1770
SRS475939	2490
SRS475940	2318
SRS475943	3470
SRS475950	2989
SRS475951	5322
SRS475952	1666
SRS475954	6184
SRS475955	3531
SRS475956	4422
SRS475957	1493
SRS475960	4418
SRS475961	1507
SRS475963	2503
SRS475964	6619
SRS475965	2294
SRS475966	5080
SRS475969	6122
SRS475970	2211
SRS475971	2155
SRS475972	2247
SRS475973	3079
SRS475975	2213
SRS475976	9057
SRS475977	4798
SRS475982	2089
SRS475983	1934
SRS475985	1676
SRS475992	2807
SRS475996	4837
SRS475999	3773
SRS476000	2798
SRS476002	12604
SRS476004	2540
SRS476005	2467
SRS476006	2649
SRS476007	2572
SRS476008	1995
SRS476009	4081
SRS476011	2143
SRS476012	6938
SRS476016	3163
SRS476017	1710
SRS476018	1578
SRS476025	3074
SRS476026	2246
SRS476027	4136
SRS476036	1880
SRS476038	2660
SRS476045	1758
SRS476046	4438
SRS476048	4225
SRS476049	2422
SRS476052	3078
SRS476053	2283
SRS476054	1631
SRS476055	1984
SRS476056	1869
SRS476057	3693
SRS476059	2019
SRS476071	3014
SRS476072	1760
SRS476073	2113
SRS476075	7594
SRS476079	5829
SRS476080	1425
SRS476081	1929
SRS476082	1941
SRS476086	1868
SRS476087	1618
SRS476088	2798
SRS476089	1922
SRS476091	5376
SRS476102	5765
SRS476105	3384
SRS476107	1579
SRS476109	1432
SRS476110	3139
SRS476111	4881
SRS476112	3605
SRS476113	1519
SRS476115	4758
SRS476116	3539
SRS476122	2653
SRS476123	2019
SRS476124	2493
SRS476127	4504
SRS476137	2601
SRS476138	1717
SRS476140	3196
SRS476146	2532
SRS476150	2092
SRS476151	3225
SRS476157	4164
SRS476161	6727
SRS476162	3459
SRS476165	3173
SRS476168	5564
SRS476170	5111
SRS476171	4226
SRS476172	2764
SRS476174	4628
SRS476175	1555
SRS476177	1610
SRS476178	2668
SRS476180	2147
SRS476181	2682
SRS476186	1507
SRS476190	2623
SRS476197	4964
SRS476200	4296
SRS476201	5550
SRS476202	5097
SRS476204	4490
SRS476206	2865
SRS476207	2816
SRS476208	4979
SRS476210	2187
SRS476214	2935
SRS476260	3874
SRS476261	2563
SRS476263	3618
SRS476265	3484
SRS476266	3765
SRS476268	2517
SRS476272	4840
SRS476275	1645
SRS476279	3463
SRS476281	1999
SRS476282	4521
SRS476283	2494
SRS476284	3426
SRS476285	14713
SRS476286	2702
SRS476294	1750
SRS476297	2963
SRS476299	2141
SRS476301	6839
SRS476304	1907
SRS476305	1947
SRS476310	4233
SRS476311	2181
SRS476330	24716
SRS476336	2804
SRS476340	5253
SRS476353	2859
SRS476355	9014
SRS476399	2159
SRS476610	13949
SRS476701	2457
SRS476757	4208
SRS476787	3339
SRS476790	4990
SRS476827	3663
SRS476852	29362
SRS476865	2922
SRS476866	9573
CMC001.A0101	37273
CMC001.A0201	38511
CMC001.B0201	31985
CMC002.A0201	34175
CMC002.B0201	17876
CMC003.A0201	32631
CMC003.B0101	30002
CMC004.A0101	33662
CMC004.B0201	35450
CMC005.A0202	33518
CMC005.B0101	27087
CMC006.A0101	30997
CMC006.B0201	26691
CMC007.B0101	30555
CMC008.A0101	30191
CMC008.B0201	31190
CMC009.A0202	27422
CMC009.B0101	30394
CMC010.A0101	34913
CMC010.B0201	29849
CMC011.A0201	38295
CMC011.B0101	36270
CMC012.A0201	32911
CMC012.B0201	27533
CMC013.A0201	35517
CMC013.B0101	27180
CMC014.A0101	23915
CMC015.A0201	34604
CMC015.B0201	29759
CMC016.A0101	24680
CMC016.B0101	32959
CMC017.A0201	33249
CMC017.B0201	35508
CMC018.A0101	34523
CMC018.B0101	38638
CMC020.A0101	35859
CMC020.B0101	32098
CMC021.A0201	36585
CMC021.B0201	31826
CMC022.A0101	34515
CMC022.B0101	37979
CMC023.A0301	38278
CMC023.B0201	30656
CMC024.A0101	37489
CMC024.B0101	36067
CMC025.A0201	37297
CMC025.B0201	33591
CMC026.A0101	32566
CMC026.B0101	33752
CMC027.A0201	37214
CMC027.B0201	35573
CMC028.A0101	37967
CMC028.B0101	34246
CMC029.A0201	33481
CMC029.B0201	27780
CMC030.A0101	36310
CMC030.B0101	32266
CMC031.A0201	24919
CMC031.B0201	24215
CMC032.A0101	18068
CMC033.A0201	32509
CMC033.B0201	33399
CMC034.A0101	31127
CMC034.B0101	29175
CMC035.A0201	34995
CMC035.B0201	32825
CMC036.A0101	35736
CMC036.B0101	28994
CMC037.A0201	35346
CMC037.B0201	17620
CMC038.A0101	39325
CMC038.B0101	38506
CMC039.B0201	31786
CMC040.B0101	36211
CMC041.A0201	37197
CMC042.A0201	30239
CMC042.B0101	30840
CMC043.A0101	23204
CMC043.B0101	23001
CMC044.A0201	25200
CMC045.A0201	30983
CMC045.B0201	34690
CMC046.B0201	30712
CMC047.A0201	15999
SRR1646030	6273
SRR1646031	17742
SRR1646032	2304
SRR1646033	8888
SRR1646038	7280
SRR1646039	5642
SRR1646040	14585
SRR1646041	526
SRR1646042	9679
SRR1646043	5111
SRR1646044	8003
SRR1646045	3167
SRR1646046	12686
SRR1646047	3869
ERR1474564	23895
ERR1474565	31349
ERR1474566	34164
ERR1474567	30265
ERR1474568	37185
ERR1474569	30484
ERR1474570	30443
ERR1474571	32765
ERR1474572	15585
ERR1474573	11092
ERR1474574	13715
ERR1474575	24123
ERR1474576	14755
ERR1474577	21848
ERR1474578	15839
ERR1474579	24425
ERR1474580	41985
ERR1474581	20199
ERR1474582	32460
ERR1474583	35299
ERR1474584	28652
ERR1474585	34570
ERR1474586	33680
ERR1474587	37828
2081	31857
2082	37797
2083	36357
2084	36704
2086	35596
2087	31964
2089	38649
2090	34793
2091	39035
2092	36061
2093	38640
2094	37395
2095	39972
2096	40314
2097	39738
2099	35217
2100	12867
2102	31573
2103	37143
2104	39889
Abusir1504c	20999
Abusir1511c	27228
Abusir1519c	44822
Abusir1574c	10207
Abusir1594c	43335
AHK001.A0101	27155
AKI001.A0101	29036
AKI002.A0101	29281
AMH001.A0101	28451
AMH002.A0101	28260
AMH003.A0101	30478
AMH004.A0101	26360
ANK001.A0101	26463
ANN001.A0101	25181
ANN002.A0101	27131
ANN003.A0101	28185
ANN004.A0101	27014
AON001.A0101	32647
AON002.A0101	29321
ARB001.B0101	33181
ARB002.A0101	29180
ARB002.B0101	36217
ARB004.B0101	36938
ARB006.A0101	30075
ATT001.A0101	31122
ATT002.A0101	30780
B61	36497
BAN001.A0101	12443
BAN001.A0102	5021
BAR007.A0101	33331
BAR007.B0101	23144
BAR007.C0101	28627
BAR007.D0101	30701
BAR007.E0101	25191
BAR007.F0101	26239
BSQ001.A0101	25707
CBO001.A0101	33846
CBO002.A0101	31507
CBO003.A0101	28980
CBO007.A0101	35922
CBO008.A0101	29493
CBO011.A0101	34446
CBR001.C0101	24854
CBR002.C0101	32496
CBR006.B0101	24040
CBR008.C0101	29918
CBR009.C0101	33020
CDB001.A0101	30995
CDB002.A0101	32889
CDB003.A0101	23683
CDB005.A0101	34278
CDB006.A0101	32699
CDB008.A0101	30112
CDM019.A0101	34463
CDM019.A0102	28381
CDM019.A0201	36430
CDM019.A0202	32222
CDM019.A0203	29205
CDM020.A0101	33726
CDM020.A0102	31178
CDM020.A0201	34526
CDM020.A0202	34382
CDM020.A0203	32850
CDM020.A0301	29998
CDM031.A0101	31249
CDM031.A0102	37334
CDM032.A0101	27925
CDM032.A0102	33241
CDM033.A0101	29505
CDM033.A0102	35087
CDM041.G0101	28038
CDM041.K0101	25591
CDM041.U0101	23381
CDM041.V0101	32839
CDM041.Y0101	27952
CDM042.C0101	30939
CDM042.E0101	28474
CDM042.G0101	30299
CDM042.H0101	30679
CDM042.M0101	29591
CDM042.P0101	31620
CDM042.Q0101	29765
CDM042.U0101	32855
CDM042.W0101	26089
CDM043.L0101	29011
CDM043.P0101	31439
CDM043.T0101	32012
CDM043.U0101	28905
CDM043.X0101	32755
CDM043.Y0101	32024
CDM045.F0101	27936
CDM045.G0101	28991
CDM045.H0101	32582
CDM045.I0101	33034
CDM045.L0101	32861
CDM045.M0101	33469
CDM045.Q0101	30481
CDM045.R0101	30157
CDM045.S0101	32810
CDM046.A0101	31254
CDM046.B0101	29364
CDM046.F0101	31338
CDM046.G0101	29637
CDM046.H0101	32283
CDM046.N0101	29786
CDM046.Q0101	31524
CDM046.V0101	32869
CDM046.Y0101	25854
CDM047.B0101	32162
CDM047.E0101	27596
CDM047.H0101	33347
CDM047.S0101	29827
CDM047.V0101	27678
CDM048.A0101	35764
CDM048.D0101	35345
CDM048.E0101	31924
CDM048.F0101	28904
CDM048.I0101	29141
CDM048.K0101	30362
CDM048.N0101	26023
CDM048.O0101	31811
CDM048.P0101	29860
CDM048.Q0101	29550
CDM048.S0101	27417
CDM048.V0101	31687
CDM048.W0101	29706
CDM048.Z0101	33074
CDM049.A0101	28018
CDM049.D0101	32269
CDM049.E0101	29319
CDM049.F0101	29445
CDM049.I0101	30728
CDM049.K0101	26645
CDM049.M0101	28706
CDM049.P0101	26966
CDM049.S0101	30443
CDM049.W0101	26749
CDM050.L0101	28745
CDM050.V0101	32431
CDM050.X0101	33721
CDM050.Z0101	28388
CDM051.A0101	27262
CDM051.D0101	26377
CDM051.G0101	28183
CDM051.I0101	28027
CDM051.M0101	27612
CDM051.R0101	31847
CDM051.S0101	30504
CDM051.U0101	30270
CDM051.V0101	29909
CDM051.Z0101	29697
CDM052.F0101	30174
CDM052.I0101	31281
CDM052.J0101	30368
CDM052.K0101	32777
CDM052.M0101	28487
CDM052.N0101	30691
CDR001.A0101	29980
CDR002.A0101	24896
CDR003.A0101	32229
CDR004.A0101	32851
CDR005.A0101	31859
CDR006.A0101	33500
CMB001.A0101	27857
CMB002.A0101	31907
CMB003.A0101	29189
CMB004.A0101	28146
CMB005.A0101	30802
CMB006.A0101	31259
CMB007.A0101	29908
CMB008.A0101	26109
CMN001.A0101	36764
CMN001.C0101	34739
CMN004.A0101	31887
COV001.A0101	19268
COV002.A0102	27315
CPM001.A0102	19396
CPM002.A0102	26194
CPM003.A0102	33352
CPM004.A0102	43718
CPM005.A0102	28521
CPM006.A0102	34508
CPM007.A0102	45260
CRC001.B0101	34714
CRC002.A0101	25049
CRC003.A0101	30350
CRC004.A0101	26414
CRC005.A0101	32928
CS01	35956
CS02	34158
CS03	31976
CS04	35428
CS07	35952
CS08	33687
CS09	38377
CS10	39831
CS11	38471
CS12	28629
CS13	38647
CS14	13707
CS15	36705
CS16	35772
CS17	38003
CS18	20447
CS19	31444
CS20	37180
CS21	39277
CS22	40340
CS23	37601
CS24	26661
CS26	29240
CS27	7888
CS28	32050
CS29	35311
CS30	29379
CS31	39009
CS32	39711
CS33	35417
CS34	33155
CS35	40025
CS36	29925
CS37	35727
CS38	35392
CS39	31572
CS40	24510
CS42	26472
CS43	28064
CS44	34801
CS45	25155
CS46	34731
CS47	42318
CS48	9132
DLV001.A0101	11069
DLV002.A0101	5110
ECO001.B0101	29789
ECO002.B0101	31389
ECO002.B0102	37450
ECO002.C0101	29978
ECO002.C0102	26715
ECO003.B0101	28176
ECO004.B0101	32265
ECO004.B0102	30316
ECO004.B0103	40580
ECO004.C0101	29818
ECO006.B0101	31520
ECO007.B0101	30321
ECO010.B0101	26283
ECO010.B0102	20658
ECO011.B0101	31780
EFE002.B0101	27273
EFE003.B0101	23598
EFE004.B0101	30694
EFE005.B0101	29491
EFE006.B0101	29898
ELR003.A0101	28346
ELR004.A0101	26484
ELR006.A0101	35028
ELR008.A0101	35916
ELR010.A0101	27938
EMN001.A0101	36574
ERR5729614	42897
ERR5729615	43561
ERR5729616	43026
ERR5729617	43064
ERR5729618	41814
ERR5729619	40941
ERR5729620	42400
ERR5729621	43394
ERR5729622	41445
ERR5729623	41971
ERR5729624	30198
ERR5729625	42436
ERR5729626	44580
ERR5729627	42799
ERR5729628	43953
ERR5729629	43054
ERR5729630	37979
ERR5729631	42774
ERR5729632	44752
ERR5729633	44113
ERR5729634	43853
ERR5729635	35666
ERR5729636	39635
ERR5729637	39663
ERR5729638	36993
ERR5729639	41661
ERR5729640	40280
ERR5729641	42170
ERR5729642	42336
ERR5729643	41844
ERR5729644	40925
ERR5729645	41332
ERR5729646	39647
ERR5729647	42505
ERR5729648	42608
ERR5729649	40386
ERR5729650	42206
ERR5729651	37461
ERR5729652	37459
ERR5729653	37567
ERR5729654	37953
ERR5729655	39108
ERR5729656	38436
ERR5729657	39973
ESA003.A0101	33454
ESA004.A0101	28464
ESA006.A0101	34104
ESA007.A0101	32579
ESA008.A0101	31138
FUM001.A0101	22974
FUM002.A0101	32335
FUM003.A0101	30404
FUT018.B0101	27926
FUT021.B0101	23377
FUT024.B0101	26550
G12	39618
GDN001.A0101	24095
GDN001.B0101	30121
GOY005.A0103	13886
GOY006.A0102	40644
GUE001.A0101	29201
GUE001.A0102	5748
HCLVMBCX2-3505-01-00-01_S1	14608
HCLVMBCX2-3505-02-00-01_S2	16645
HCLVMBCX2-3505-03-00-01_S3	13662
HCLVMBCX2-3505-04-00-01_S4	16740
HCLVMBCX2-3505-05-00-01_S5	12891
HCLVMBCX2-3505-06-00-01_S6	32648
HCLVMBCX2-3505-07-00-01_S7	20276
HCLVMBCX2-3505-08-00-01_S8	16004
HCLVMBCX2-3505-09-00-01_S9	32478
HCLVMBCX2-3505-10-00-01_S10	14208
HCLVMBCX2-3505-11-00-01_S11	13525
HCLVMBCX2-3505-12-00-01_S12	27553
HCLVMBCX2-3505-14-00-01_S14	33000
HCLVMBCX2-3505-15-00-01_S15	24903
HCLVMBCX2-3505-16-00-01_S16	30358
HCLVMBCX2-3505-17-00-01_S17	13975
HCLVMBCX2-3505-18-00-01_S18	12451
HCLVMBCX2-3505-20-00-01_S20	10319
HCLVMBCX2-3505-21-00-01_S21	8443
HCLVMBCX2-3505-22-00-01_S22	8782
HCLVMBCX2-3505-23-00-01_S23	6367
HCLVMBCX2-3505-24-00-01_S24	9173
HCLVMBCX2-3505-25-00-01_S25	9008
HCLVMBCX2-3505-26-00-01_S26	21078
HCLVMBCX2-3505-27-00-01_S27	7703
HCLVMBCX2-3505-28-00-01_S28	19920
HCLVMBCX2-3505-29-00-01_S29	8802
HCLVMBCX2-3505-31-00-01_S31	7335
HCLVMBCX2-3505-33-00-01_S33	7558
IVE002.B0101	36580
IVE003.A0101	32459
IVE005.A0101	32536
IVE005.B0101	36068
IVE007.B0101	35573
KT01calc	38509
KT02calc	25003
KT03calc	24994
KT04calc	29658
KT05calc	27130
KT06calc	30206
KT07calc	30068
KT08calc	27179
KT09calc	27027
KT10calc	27621
KT11calc	26705
KT12calc	25165
KT13calc	26938
KT14calc	25767
KT15calc	32572
KT16calc	26436
KT17calc	25200
KT18calc	31232
KT19calc	33328
KT20calc	32057
KT21calc	25948
KT22calc	27233
KT23calc	31109
KT24calc	31195
KT25calc	31515
KT26calc	32597
KT27calc	29040
KT28calc	28991
KT29calc	32563
KT30calc	29144
KT31calc	37234
KT32calc	31983
KT33calc	33152
KT34calc	30380
KT35calc	28026
KT36calc	29748
LCD001.A0101	24728
LCD001.C0101	29816
LIS001.A0101	32419
LIS002.A0101	30140
LIS003.A0101	33633
LLL001.A0101	17329
LLL002.A0101	33675
LLL005.A0101	24452
LLL006.A0101	19389
LLL011.A0101	29017
LLL012.A0101	26332
LLL013.A0101	26890
LLL014.A0101	26568
MAWB10	41383
MAWB11	34297
MAWB12	31471
MAWB15	41483
MAWB3	23190
MAWB5	29420
MAWB6	39850
MID022.A0101	33637
MID023.A0101	29470
MID024.A0101	33796
MID025.A0101	29038
MID026.A0101	31219
MID027.A0101	26596
MID028.A0101	30553
MID029.A0101	32382
MID030.A0101	32902
MID031.A0101	31995
MID032.A0101	33422
MID033.A0101	29068
MID034.A0101	30700
MID035.A0101	32549
MID036.A0101	32191
MID037.A0101	34623
MID038.A0101	30741
MID039.A0101	31488
MID040.A0101	31244
MID041.A0101	31847
MID042.A0101	31600
MID043.A0101	30175
MID044.A0101	33049
MID045.A0101	33404
MID046.A0101	25085
MID047.A0101	31541
MID048.A0101	29868
MID049.A0101	34861
MID050.A0101	36347
MID051.A0101	27935
MID052.A0101	31471
MID053.A0101	28519
MID054.A0101	37446
MID055.A0101	34583
MID056.A0101	32343
MID057.A0101	36177
MID058.A0101	29949
MID059.A0101	33052
MID060.A0101	31310
MID061.A0101	30245
MID062.A0101	32637
MID063.A0101	30866
MID064.A0101	30591
MID065.A0101	32842
MID066.A0101	33531
MID067.A0101	32505
MID068.A0101	31447
MID068.B0101	26413
MID070.A0101	31575
MID071.A0101	33996
MID072.A0101	31952
MID073.A0101	35923
MID074.A0101	24795
MID075.A0101	22720
MID076.A0101	29682
MID077.A0101	35563
MID078.A0101	32706
MID079.A0101	32521
MID080.A0101	25173
MID081.A0101	34337
MID082.A0101	33870
MID083.A0101	34622
MID084.A0101	34340
MID085.A0101	35534
MID086.A0101	25874
MID087.A0101	30931
MID088.A0101	30060
MID089.A0101	33134
MID090.A0101	22423
MID091.A0101	34949
MID092.A0101	33479
MID093.A0101	35172
MID094.A0101	36119
MID097.A0101	32383
MID101.A0101	34247
MID102.A0101	34427
MOA001.A0101	24197
MOA001.A0102	25890
NMU115.A0101	27935
NMU116.A0101	28720
NMU117.A0101	32274
NMU118.A0101	28217
NMU119.A0101	29383
NMU120.A0101	32218
NMU121.A0101	30431
NMU122.A0101	32933
NMU123.A0101	28884
NMU124.A0101	30561
NMU125.A0101	29593
NMU126.A0101	25902
NMU127.A0101	27116
NMU128.A0101	28553
NMU129.A0101	23067
NMU130.A0101	27741
NMU131.A0101	32103
OAK001.A0101	26825
OAK002.A0101	30469
OAK003.A0101	33347
OAK004.A0101	29833
OAK005.A0101	33634
OFN001.A0101	34970
ONT001.A0101	33259
ONT001.B0101	31378
ONT002.B0101	33200
ONT003.A0101	26369
ONT004.A0101	30507
ONT006.A0101	33353
PAH001.A0102	29270
PAH002.A0101	28800
PAH003.A0101	30940
PAN001.A0101	33300
PAN002.A0101	32332
PAN003.A0101	27010
PAN004.A0101	30136
PAN005.A0101	33124
PAN006.A0101	31927
PAN007.A0101	30890
PAN008.A0101	33461
PAN009.A0101	33094
PES001.B0101	33611
PLV001.A0101	35424
PVM001.A0101	28830
PVM002.A0101	34426
PVM007.A0101	33057
PVM009.A0101	33494
PVM013.A0101	34163
PVM014.A0101	34137
PYK001.A0101	34386
PYK002.A0101	34555
PYK003.A0101	35982
PYK004.A0101	35025
PYK005.A0101	35208
RAP001.A0101	38524
RAP002.A0101	36558
RIG001.A0101	38691
SA-001	36816
SA-002	28887
SA-003	31873
SA-004	29323
SA-005	30239
SA-006	32598
SA-007	32169
SA-008	29983
SA-009	31943
SA-010	29507
SA-011	32476
SIG031.A0101	30040
SIG032.A0101	29670
SIG033.A0101	31625
SIG034.A0101	34000
SIG035.A0101	34676
SIG036.A0101	34681
SIG037.A0101	32632
SIG038.A0101	30162
SIG039.A0101	33517
SIG040.A0101	31529
SIG040.A0201	33246
SIG041.A0101	33893
SIG042.A0101	29857
SIG043.A0101	28766
SIG044.A0101	32283
SIG045.A0101	22451
SIG046.A0101	27564
SIG046.A0201	32301
SIG047.A0101	32291
SPM001.A0101	10255
SPM001.A0102	1623
SPM002.A0101	9288
SPM002.A0102	12032
SPM002.A0103	2325
SPM003.A0101	17659
SPM004.A0101	14982
SPM005.A0101	32650
SRR11176627	40424
SRR11176628	29744
SRR11176629	38423
SRR11176630	37457
SRR11176631	23931
SRR11176632	31606
SRR11176633	30823
SRR11176634	32845
SRR11176635	35554
SRR11176636	38219
SRR11176638	24057
SRR11176639	37483
SRR11176640	41319
SRR11176641	32143
SRR11176642	39319
SRR13263123	45440
SRR13263124	39597
SRR13263130	39678
SRR13263131	6771
SRR5297130	31516
SRR5297131	19169
SRR5297132	20086
SRR5297133	22536
SRR6877282	38584
SRR6877284	41617
SRR6877286	35301
SRR6877288	36972
SRR6877290	37985
SRR6877292	42541
SRR6877310	33862
SRR6877312	34557
SRR6877323	41827
SRR6877324	34333
SRR6877326	33392
SRR6877393	30598
TAF008.B0101	29374
TAF016.B0101	19557
TAF017.A0101	16951
TAF017.C0101	18463
TAF017.E0101	3621
TAF018.A0101	27946
TAF018.B0101	27774
TAP001.B0101	29615
TAP003.B0101	28187
TON001.C0101	29939
TON003.B0101	29137
TON004.B0101	27584
TON005.B0101	34053
TON006.B0101	27303
TON007.B0101	24959
VDC001.A0101	26383
VDC002.A0101	33653
VDC003.A0101	24756
VDC004.A0101	17937
VDC005.A0101	22509
VDC006.A0101	30730
VDC007.A0101	19708
VDC008.A0101	19796
VDC009.A0101	34648
VDC010.A0101	34158
VDC010.B0101	23242
VLD001.A0101	28565
VLD001.A0102	9727
ZAF001.A0101	24726
ZAF001.A0102	23775
ZAF001.A0103	5911
ZAF001.B0101	12746
ZAF001.C0101	19609
ANSP11833	31407
ANSP3271	36612
BB01	23916
BB05	24132
BB05-T06	27551
BB06	25369
BB08	25553
BB08-T08	23929
BB09	25181
BB11	13687
ABM006.A0101	29101
BIT001.A0101	37700
DJA002.A0101	30529
EBO001.A0101	30816
EBO003.A0101	31749
ERS9656246	39720
ERS9656247	38811
ERS9656248	45720
ERS9656249	24815
ERS9656250	39926
ERS9656251	28047
ERS9656252	31899
ERS9656253	41522
ERS9656254	17150
ERS9656255	26493
ERS9656256	20001
ERS9656257	75
ERS9656258	26647
ERS9656259	33382
ERS9656260	36598
ERS9656261	31026
ERS9656262	41864
ERS9656263	42766
ERS9656264	36691
ERS9656265	20611
ERS9656266	465
ERS9656267	180
ERS9656268	8878
ERS9656269	32908
ERS9656270	42378
ERS9656271	40588
FDM001.A0101	22607
Gb1-reg	37936
Gb1-uv	36815
Gb1-wash	41839
Gb2-reg	32209
Gb2-uv	37625
Gb2-wash	34810
GDC002.A0101	29429
GDC004.A0101	21041
GDC005.A0101	27771
IBA001.A0101	35263
IBA002.A0101	29879
LOB001.A0101	31509
MTK001.A0101	28124
MTM003.A0101	40540
MTM010.A0101	25685
MTM011.A0101	24437
MTM012.A0101	28184
MTM013.A0101	27513
MTS001.A0101	28246
MTS002.A0101	30375
MTS003.A0101	29329
WAL001.A0101	29484
OME002.A0101	38643
OME003.A0101	38762
OME005.A0101	34788
OME007.A0101	32749
OME009.A0101	33576
SRR17523801	986
SRR17523812	792
SRR17523815	993
SRR17523817	773
SRR17523818	948
SRR17523819	1035
SRR17523820	976
SRR17523821	835
SRR17523822	781
SRR17523823	966
SRR17523824	901
SRR17523825	675
SRR17523826	1053
SRR17523827	840
SRR17523828	857
SRR17523829	727
SRR17523830	977
SRR17523831	757
SRR17523832	881
SRR17523833	676
SRR17523834	833
SRR17523835	937
SRR17523838	1096
SRR17523844	1030
SRR17523871	1060
SRR17523882	985
SRR17523883	915
SRR17523885	721
SRR17523886	821
SRR17523888	998
SRR17523889	827
SRR17523890	782
SRR17523891	1033
SRR17523893	923
SRR17523894	1045
SRR17523895	859
SRR17523896	1117
SRR17523897	941
SRR17523898	409
SRR17523899	954
SRR17523900	938
SRR17523901	933
SRR17523902	786
SRR17523903	977
SRR17523904	996
SRR17523905	673
SRR17523906	826
SRR17523907	1020
SRR17523908	1045
SRR17523909	619
SRR17523915	987
SRR17523926	1055
SRR17523938	904
SRR17523953	1082
SRR17523964	964
SRR17523970	1110
SRR17523980	1011
SRR17523999	917
SRR17524053	1171
SRR17524054	1192
SRR17524055	1305
SRR17524056	24
SRR17524057	1156
SRR17524065	1036
SRR17524077	1181
SRR17524088	1182
SRR17524092	1056
SRR17524093	993
SRR17524094	1031
SRR17524095	915
SRR17524096	1081
SRR17524097	1031
SRR17524098	1159
SRR17524105	1062
SRR17524122	955
SRR17524129	1090
SRR17524141	933
SRR17524155	948
SRR17524195	719
SRR17524196	740
SRR17524198	872
SRR17524199	795
SRR17524200	620
SRR17524233	876
SRR17524235	518
SRR17524244	355
SRR17524257	692
SRR17524258	661
SRR17524261	613
SRR17524266	668
SRR17524281	878
SRR17524294	971
SRR17524305	860
SRR17524312	829
SRR17524323	873
SRR17524332	1060
SRR17524346	1099
SRR17524352	729
SRR17524353	856
SRR17524354	905
SRR17524355	1078
SRR17524356	1121
SRR17524357	1031
SRR17524358	991
SRR17524359	989
SRR17524360	1133
SRR17524361	1399
SRR17524362	1044
SRR17524363	951
SRR17524364	941
SRR17524365	1310
SRR17524366	1172
SRR17524367	950
SRR17524368	1167
SRR17524369	1055
SRR17524370	1051
SRR17524371	1562
SRR17524378	770
SRR17524389	719
SRR17524398	614
SRR17524399	646
SRR17524400	672
SRR17524401	691
SRR17524402	724
SRR17524403	571
SRR17524418	841
SRR17524420	707
SRR17524421	594
SRR17524423	776
SRR17524424	460
SRR17524425	692
SRR17524426	619
SRR17524427	908
SRR17524433	767
SRR17524480	516
SRR17524495	833
SRR17524496	608
SRR17524497	1101
SRR17524498	369
SRR17524501	596
SRR17524502	908
SRR17524503	293
SRR17524504	813
SRR17524505	804
SRR17524506	849
SRR17524507	816
SRR17524508	985
SRR17524509	851
SRR17524510	975
SRR17524511	724
SRR17524512	965
SRR17524513	900
SRR17524514	641
SRR17524515	874
SRR17524516	804
SRR17524517	840
SRR17524518	1004
SRR17524519	1023
SRR17524520	858
SRR17524521	874
SRR17524526	1005
SRR17524534	1421
SRR17524537	929
SRR17524538	883
SRR17524549	665
SRR17524558	1002
SRR17524573	868
SRR17524582	890
SRR17524583	818
SRR17524584	551
SRR17524585	742
SRR17524586	649
SRR17524587	436
SRR17524588	458
SRR17524589	583
SRR17524590	576
SRR17524591	375
SRR17524592	649
SRR17524594	602
SRR17524595	29
SRR17524596	640
SRR17524597	646
SRR17524598	655
SRR17524599	52
SRR17524600	491
SRR17524601	639
SRR17524602	34
SRR17524603	569
SRR17524618	673
SRR17524619	784
SRR17524620	761
SRR17524621	784
SRR17524622	1039
SRR17524623	860
SRR17524674	823
SRR17524675	443
SRR17524695	1139
02C	38540
04C	26253
05C	30059
07C	38273
13C	43209
14C	37307
16C	40331
17C	43640
18C	39751
19C	37561
20C	38220
21C	33187
22C	34917
24C	37819
25C	37541
26C	38988
27C	35875
28C	37478
29C	35495
ABM007.A0101	32608
ABM008.A0101	22124
CDC005.A0101	24441
CDC006.A0101	34608
CDC007.A0101	30178
CDC008.A0101	29785
CDC009.A0101	30848
CDC010.A0101	31023
DJA006.A0101	29860
DJA007.A0101	35441
EBO008.A0101	32634
EBO009.A0101	20180
KNP001.A0102	39311
KNP003.A0102	36082
KNP004.A0102	4894
KNP005.A0102	37872
KNP006.A0102	35939
KNP007.A0102	33699
KNP009.A0102	38130
